FIPS	State	County	Unreliable	Deaths	Years of Potential Life Lost Rate	95% CI - Low	95% CI - High	National Z-Score	YPLL Rate (Hispanic (all races))	YPLL Rate (Hispanic (all races)) 95% CI - Low	YPLL Rate (Hispanic (all races)) 95% CI - High	YPLL Rate (Hispanic (all races)) Unreliable	YPLL Rate (Non-Hispanic AIAN)	YPLL Rate (Non-Hispanic AIAN) 95% CI - Low	YPLL Rate (Non-Hispanic AIAN) 95% CI - High	YPLL Rate (Non-Hispanic AIAN) Unreliable	YPLL Rate (Non-Hispanic Asian)	YPLL Rate (Non-Hispanic Asian) 95% CI - Low	YPLL Rate (Non-Hispanic Asian) 95% CI - High	YPLL Rate (Non-Hispanic Asian) Unreliable	YPLL Rate (Non-Hispanic Black)	YPLL Rate (Non-Hispanic Black) 95% CI - Low	YPLL Rate (Non-Hispanic Black) 95% CI - High	YPLL Rate (Non-Hispanic Black) Unreliable	YPLL Rate (Non-Hispanic Native Hawaiian and Other Pacific Islander)	YPLL Rate (Non-Hispanic Native Hawaiian and Other Pacific Islander) 95% CI - Low	YPLL Rate (Non-Hispanic Native Hawaiian and Other Pacific Islander) 95% CI - High	YPLL Rate (Non-Hispanic Native Hawaiian and Other Pacific Islander) Unreliable	YPLL Rate (Non-Hispanic 2+ races)	YPLL Rate (Non-Hispanic 2+ races) 95% CI - Low	YPLL Rate (Non-Hispanic 2+ races) 95% CI - High	YPLL Rate (Non-Hispanic 2+ races) Unreliable	YPLL Rate (Non-Hispanic White)	YPLL Rate (Non-Hispanic White) 95% CI - Low	YPLL Rate (Non-Hispanic White) 95% CI - High	YPLL Rate (Non-Hispanic White) Unreliable	Average Number of Physically Unhealthy Days	95% CI - Low	95% CI - High	National Z-Score	Unreliable	% Low Birth Weight	95% CI - Low	95% CI - High	National Z-Score	% LBW (Hispanic (all races))	% LBW (Hispanic (all races)) 95% CI - Low	% LBW (Hispanic (all races)) 95% CI - High	% LBW (Non-Hispanic AIAN)	% LBW (Non-Hispanic AIAN) 95% CI - Low	% LBW (Non-Hispanic AIAN) 95% CI - High	% LBW (Non-Hispanic Asian)	% LBW (Non-Hispanic Asian) 95% CI - Low	% LBW (Non-Hispanic Asian) 95% CI - High	% LBW (Non-Hispanic Black)	% LBW (Non-Hispanic Black) 95% CI - Low	% LBW (Non-Hispanic Black) 95% CI - High	% LBW (Non-Hispanic Native Hawaiian and Other Pacific Islander)	% LBW (Non-Hispanic Native Hawaiian and Other Pacific Islander) 95% CI - Low	% LBW (Non-Hispanic Native Hawaiian and Other Pacific Islander) 95% CI - High	% LBW (Non-Hispanic 2+ races)	% LBW (Non-Hispanic 2+ races) 95% CI - Low	% LBW (Non-Hispanic 2+ races) 95% CI - High	% LBW (Non-Hispanic White)	% LBW (Non-Hispanic White) 95% CI - Low	% LBW (Non-Hispanic White) 95% CI - High	Average Number of Mentally Unhealthy Days	95% CI - Low	95% CI - High	National Z-Score	% Fair or Poor Health	95% CI - Low	95% CI - High	National Z-Score	% Vaccinated	National Z-Score	% Vaccinated (AIAN)	% Vaccinated (Asian)	% Vaccinated (Black)	% Vaccinated (Hispanic)	% Vaccinated (White)	% With Access to Exercise Opportunities	National Z-Score	Food Environment Index	National Z-Score	# Primary Care Physicians	Primary Care Physicians Rate	Primary Care Physicians Ratio	National Z-Score	# Mental Health Providers	Mental Health Provider Rate	Mental Health Provider Ratio	National Z-Score	# Dentists	Dentist Rate	Dentist Ratio	National Z-Score	Preventable Hospitalization Rate	National Z-Score	Preventable Hosp. Rate (AIAN)	Preventable Hosp. Rate (Asian)	Preventable Hosp. Rate (Black)	Preventable Hosp. Rate (Hispanic)	Preventable Hosp. Rate (White)	% with Annual Mammogram	National Z-Score	% Screened (AIAN)	% Screened (Asian)	% Screened (Black)	% Screened (Hispanic)	% Screened (White)	# Uninsured	% Uninsured	95% CI - Low	95% CI - High	National Z-Score	% Severe Housing Problems	95% CI - Low	95% CI - High	Severe Housing Cost Burden	Severe Housing Cost Burden 95% CI - Low	Severe Housing Cost Burden 95% CI - High	Overcrowding	Overcrowding 95% CI - Low	Overcrowding 95% CI - High	Inadequate Facilities	Inadequate Facilities 95% CI - Low	Inadequate Facilities 95% CI - High	National Z-Score	% Drive Alone to Work	95% CI - Low	95% CI - High	National Z-Score	% Drive Alone (AIAN)	% Drive Alone (AIAN) 95% CI - Low	% Drive Alone (AIAN) 95% CI - High	% Drive Alone (Asian)	% Drive Alone (Asian) 95% CI - Low	% Drive Alone (Asian) 95% CI - High	% Drive Alone (Black)	% Drive Alone (Black) 95% CI - Low	% Drive Alone (Black) 95% CI - High	% Drive Alone (Hispanic)	% Drive Alone (Hispanic) 95% CI - Low	% Drive Alone (Hispanic) 95% CI - High	% Drive Alone (White)	% Drive Alone (White) 95% CI - Low	% Drive Alone (White) 95% CI - High	# Workers who Drive Alone	% Long Commute - Drives Alone	95% CI - Low	95% CI - High	National Z-Score	Average Daily PM2.5	National Z-Score	Presence of Water Violation	National Z-Score	% Households with Broadband Access	# Households with Broadband Access	95% CI - Low	95% CI - High	National Z-Score	Visits per service area population	National Z-Score	# Some College	Population	% Some College	95% CI - Low	95% CI - High	National Z-Score	# Completed High School	Population	% Completed High School	95% CI - Low	95% CI - High	National Z-Score	# Unemployed	Labor Force	% Unemployed	National Z-Score	80th Percentile Income	20th Percentile Income	Income Ratio	National Z-Score	% Children in Poverty	95% CI - Low	95% CI - High	National Z-Score	% Children in Poverty (AIAN)	% Children in Poverty (Asian)	% Children in Poverty (Black)	% Children in Poverty (Hispanic)	% Children in Poverty (White)	# Injury Deaths	Injury Death Rate	95% CI - Low	95% CI - High	National Z-Score	Injury Death Rate (Hispanic (all races))	Injury Death Rate (Hispanic (all races)) 95% CI - Low	Injury Death Rate (Hispanic (all races)) 95% CI - High	Injury Death Rate (Non-Hispanic AIAN)	Injury Death Rate (Non-Hispanic AIAN) 95% CI - Low	Injury Death Rate (Non-Hispanic AIAN) 95% CI - High	Injury Death Rate (Non-Hispanic Asian)	Injury Death Rate (Non-Hispanic Asian) 95% CI - Low	Injury Death Rate (Non-Hispanic Asian) 95% CI - High	Injury Death Rate (Non-Hispanic Black)	Injury Death Rate (Non-Hispanic Black) 95% CI - Low	Injury Death Rate (Non-Hispanic Black) 95% CI - High	Injury Death Rate (Non-Hispanic Native Hawaiian and Other Pacific Islander)	Injury Death Rate (Non-Hispanic Native Hawaiian and Other Pacific Islander) 95% CI - Low	Injury Death Rate (Non-Hispanic Native Hawaiian and Other Pacific Islander) 95% CI - High	Injury Death Rate (Non-Hispanic 2+ races)	Injury Death Rate (Non-Hispanic 2+ races) 95% CI - Low	Injury Death Rate (Non-Hispanic 2+ races) 95% CI - High	Injury Death Rate (Non-Hispanic White)	Injury Death Rate (Non-Hispanic White) 95% CI - Low	Injury Death Rate (Non-Hispanic White) 95% CI - High	# Associations	Social Association Rate	National Z-Score	% Household Income Required for Child Care Expenses	National Z-Score
28001	Mississippi	Adams		769	14568	12919	16216	1.06													19950	17295	22605										10830	8510	13151		4.6	3.7	5.6	0.21		13	11	14	2.07										16	14	18							7	5	9	5.6	4.6	6.8	-0.02	27	25	30	1.63	46	-0.45			37		51	59	0.16	5.6	1.6	22	77	1306:01:00	-0.62	39	136	737:01:00	0.33	15	53	1894:01:00	-0.12	4065	1.14			4903		3629	46	-0.38			48		45	3158	15	13	18	1.07	13	10	16	13	9	16	1	0	2	0	0	1	0.07	89	86	92	1.63							90	85	94				89	85	92	9661	18	13	22	-1.24	7.7	0.01	No	-0.77	82	9452	79	85	0.41	2	0.23	3458	6671	52	44	59	0.62	16992	20322	84	81	86	0.94	453	10267	4.4	0.67	89533	13380	6.7	2.66	32	20	44	1.64			54	59	6	203	136	117	155	1.2										144	118	171							158	126	195	42	14.8	-0.58	27	-0.18
28003	Mississippi	Alcorn		788	12635	11281	13989	0.56													17337	12789	21885										12330	10850	13810		4.5	3.6	5.6	0.12		12	11	13	1.61	11	6	16							21	17	25							10	9	12	5.2	4.1	6.4	-0.74	22	20	24	0.5	48	-0.64		25	44		48	53	0.43	6.1	1.18	15	44	2290:01:00	0.29	110	322	310:01:00	-0.48	20	58	1710:01:00	-0.28	3720	0.82			8581		3408	37	0.71			43		36	3772	14	12	16	0.75	10	7	12	8	6	11	1	0	2	1	0	2	-0.69	85	81	90	1.08							58	36	80				89	87	91	14270	26	21	30	-0.6	7.5	-0.09	No	-0.77	74	10586	71	78	1.56	1	0.76	4239	8379	51	44	57	0.72	20051	24035	83	81	86	0.98	442	14716	3	-0.49	100500	19488	5.2	0.74	23	16	31	0.53			48	6	15	201	112	97	128	0.41										113	73	167							115	97	132	32	9.4	0.37	25	-0.53
28005	Mississippi	Amite		348	15674	12899	18448	1.35													20125	15459	24790										13564	9923	17205		4.6	3.7	5.5	0.25		11	9	13	1.32										17	13	21							6	4	8	5.4	4.3	6.5	-0.43	27	24	30	1.55	23	1.78			17		25	26	1.59	5.9	1.35	2	16	6319:01:00	1.06	2	16	6221:01:00	0.84	3	24	4206:01:00	0.73	3410	0.54			4563		3270	41	0.23			50		38	1409	15	13	18	1.08	11	7	15	9	5	13	2	0	4	0	0	1	-0.41	78	70	86	0.11																3812	45	33	58	0.93	7.9	0.11	No	-0.77	66	3860	60	72	2.83	1	0.6	1203	2294	52	39	66	0.57	7903	9079	87	84	90	0.31	169	4199	4	0.35	75535	12417	6.1	1.9	29	19	40	1.27			70		16	62	100	77	128	0										119	80	171							92	63	129	18	14.3	-0.49	26	-0.32
28007	Mississippi	Attala		414	13490	11491	15490	0.78													15258	12148	18368										12809	10012	15607		4.5	3.6	5.4	-0.01		14	12	15	2.53										19	16	22							8	6	10	5.3	4.3	6.5	-0.52	25	23	28	1.17	49	-0.74			43		51	32	1.33	5.7	1.52	9	51	1971:01:00	0.09	9	52	1929:01:00	0.69	6	34	2918:01:00	0.43	1454	-1.27			740		1364	43	-0.01			46		43	1929	14	12	16	0.78	16	12	20	13	9	18	2	1	4	2	1	3	0.82	81	79	84	0.57							78	67	89				86	80	92	7259	36	29	43	0.19	8.9	0.61	No	-0.77	79	5085	75	82	0.88	2	0.45	2234	3939	57	46	67	0.2	9965	11695	85	82	88	0.65	240	6759	3.6	-0.04	109817	17270	6.4	2.24	28	17	38	1.08			42		20	104	116	94	138	0.53										97	69	134							139	108	177	23	13.1	-0.29	24	-0.72
28009	Mississippi	Benton		205	15037	11773	18301	1.19													14095	9208	20653										16814	12301	21327		4.6	3.7	5.6	0.17		9	7	11	0.15										11	7	16							8	5	10	5.5	4.4	6.7	-0.32	23	21	26	0.77	42	-0.06			33		44	83	-0.91	5.7	1.52	1	13	7646:01:00	1.13	4	54	1860:01:00	0.68	2	26	3775:01:00	0.65	2872	0.04			3332		2517	32	1.32			16		36	1072	18	15	21	1.64	11	6	16	9	4	14	2	0	5	0	0	1	-0.46	89	81	96	1.54																3177	61	48	74	2.18	7.8	0.06	No	-0.77	62	1879	56	68	3	1	0.87	1136	1747	65	50	80	-0.52	4404	5441	81	77	85	1.44	110	2960	3.7	0.09	83172	19010	4.4	-0.24	30	18	42	1.37			54		19	60	150	114	193	1.66										143	87	221							165	118	225	6	7.9	0.62	33	0.59
28011	Mississippi	Bolivar		962	19769	17946	21592	2.42													23667	21159	26175										13136	10684	15589		4.6	3.8	5.6	0.23		14	13	16	2.83										17	15	19							9	7	11	5.1	4.1	6.2	-0.91	25	22	27	1.05	38	0.33			31		42	54	0.38	3.9	3.05	15	49	2021:01:00	0.13	27	93	1073:01:00	0.51	13	44	2259:01:00	0.13	4465	1.51			4364		4427	34	1.08			33		35	3135	14	12	16	0.8	17	15	20	14	12	17	3	1	5	1	0	1	1.04	85	83	87	1.04							82	77	86				86	81	91	10436	22	17	26	-0.91	8.6	0.46	No	-0.77	76	9063	73	79	1.26	1	0.48	4838	7591	64	56	72	-0.41	16459	19773	83	82	85	1.01	404	11177	3.6	0.01	88824	12605	7	3.1	45	36	55	3.26			62		13	175	115	98	132	0.52										120	98	142							118	90	153	45	15.3	-0.68	30	0.22
28013	Mississippi	Calhoun		352	15132	12701	17564	1.21													17451	12823	23207										14171	11261	17081		4.7	3.8	5.7	0.31		13	11	15	2.18	10	5	15							23	18	27							9	7	11	5.5	4.4	6.8	-0.2	28	25	30	1.65	37	0.42			37		37	15	2.08	7	0.41	2	15	6509:01:00	1.07	2	16	6343:01:00	0.84	3	23	4260:01:00	0.74	2420	-0.38			3732		2135	34	1.08			41		33	1710	17	15	19	1.44	11	8	13	7	5	10	3	1	5	0	0	1	-0.5	86	83	89	1.23							84	58	100				83	76	90	5440	42	35	49	0.66	8.4	0.36	No	-0.77	77	4407	74	81	1.07	1	0.79	1656	2975	56	47	64	0.29	7264	9193	79	75	83	1.8	173	5152	3.4	-0.2	88326	18680	4.7	0.2	26	16	35	0.8			44	48	11	85	123	99	153	0.79										110	68	168							136	104	175	16	12.5	-0.19	26	-0.34
28015	Mississippi	Carroll		252	15020	11846	18194	1.18													20317	14070	28390										12752	9339	16165		4.7	3.8	5.7	0.34		13	10	16	2.25										19	14	24							9	6	12	5.3	4.3	6.5	-0.53	29	26	32	1.91	31	1			22		33	12	2.24	5	2.11	2	20	4940:01:00	0.94				0.26	2	21	4866:01:00	0.83	2081	-0.69			1985		2084	43	-0.01			51		42	1011	15	13	17	1.03	7	3	12	5	1	9	2	0	4	1	0	3	-1.24	81	76	87	0.56																3548	48	36	60	1.15	8.3	0.31	No	-0.77	69	2884	60	77	2.41	1	0.85	1280	2288	56	41	71	0.26	5967	7457	80	75	85	1.61	119	3059	3.9	0.24	110000	17527	6.3	2.14	24	15	33	0.58			57		13	60	122	93	157	0.74										142	90	213							118	83	162	6	6.2	0.93	22	-0.9
28017	Mississippi	Chickasaw		411	14343	12247	16439	1.01													17475	13982	20967										12382	9647	15117		4.7	3.8	5.6	0.34		14	12	16	2.58	10	5	15							19	16	21							10	8	12	5.7	4.5	6.8	0.03	28	25	31	1.74	38	0.33			37		39	60	0.09	6.4	0.92	10	59	1701:01:00	-0.13	5	30	3373:01:00	0.78	7	42	2402:01:00	0.21	2182	-0.6			2213		2055	45	-0.26			46		44	1888	14	12	17	0.87	15	11	19	13	9	18	2	0	3	0	0	1	0.52	80	76	85	0.44							84	75	94				84	78	90	6545	36	29	44	0.23	8.5	0.41	No	-0.77	73	4879	69	77	1.73	1	0.79	2121	4084	52	42	61	0.61	9147	11340	81	77	84	1.49	256	6101	4.2	0.49	85804	14841	5.8	1.52	26	16	36	0.86			46	1	20	90	106	85	130	0.2										118	86	158							103	75	139	17	10.1	0.24	27	-0.16
28019	Mississippi	Choctaw		180	11827	8893	14760	0.35													17372	11634	24949										10042	6645	13438		4.4	3.5	5.3	-0.15		12	9	15	1.64										23	17	29							7	5	10	5.3	4.2	6.4	-0.58	22	20	24	0.48	34	0.71			21		36	12	2.25	6.5	0.83	1	12	8106:01:00	1.15	13	161	622:01:00	0.22	3	37	2679:01:00	0.34	3026	0.18			2945		2863	35	0.96			45		32	773	13	11	15	0.5	8	5	12	7	4	10	1	0	3	1	0	1	-1	80	74	85	0.36																3035	52	41	62	1.44	8.6	0.46	No	-0.77	79	2725	74	84	0.82	1	0.81	1154	1812	64	53	75	-0.4	4929	5742	86	82	89	0.53	97	3541	2.7	-0.71	103032	21953	4.7	0.16	27	16	38	0.99			37		14	55	135	102	176	1.18										125	70	207							147	105	200	9	11.2	0.05	24	-0.63
28021	Mississippi	Claiborne		213	18809	15206	22412	2.17																													4.9	4	6	0.69		18	15	20	3																						5.6	4.4	6.8	-0.16	28	26	31	1.84	40	0.13			36		47	36	1.18	6.4	0.92	4	45	2227:01:00	0.25	6	70	1436:01:00	0.61	3	34	2935:01:00	0.43	9006	3			12564		3588	36	0.84			35		38	710	12	10	14	0.33	12	7	17	11	5	17	1	0	4	0	0	1	-0.23	84	79	89	0.94							83	72	93				93	86	100	2355	52	37	66	1.43	8.1	0.21	No	-0.77	77	2195	72	83	1.06	1	0.79	937	1759	53	39	67	0.49	4322	5164	84	80	87	0.93	208	2831	7.3	3	72458	17068	4.2	-0.4	42	26	57	2.8			34		64	49	110	81	145	0.33																						5	5.7	1.01	42	1.97
28023	Mississippi	Clarke		371	14176	11873	16479	0.96													19028	14534	23521										11776	9101	14451		4.4	3.6	5.3	-0.05		12	10	13	1.55										18	14	21							8	6	10	5.4	4.3	6.5	-0.42	23	20	25	0.67	33	0.81			26		34	6	2.49	6.4	0.92	3	19	5140:01:00	0.96	8	53	1904:01:00	0.68	2	13	7636:01:00	1.05	2812	-0.02			3887		2369	45	-0.26			46		45	1548	13	11	15	0.61	14	10	18	10	7	14	2	0	3	2	1	4	0.28	84	79	89	0.91							68	53	84				83	74	92	5652	50	42	59	1.34	8.8	0.56	No	-0.77	78	4853	73	82	1.02	1	0.63	2242	3370	67	55	78	-0.65	9301	10768	86	83	89	0.43	197	5428	3.6	0.02	88732	16631	5.3	0.96	27	16	37	0.92			44	19	10	101	131	105	156	1.04										125	86	176							136	105	173	27	17.7	-1.09	25	-0.45
28025	Mississippi	Clay		440	12574	10721	14427	0.54													13869	11427	16310										11367	8325	14410		4.6	3.7	5.5	0.14		17	15	19	3										21	19	23							9	6	11	5.2	4.2	6.4	-0.67	28	25	31	1.78	39	0.23			30		42	67	-0.19	6.8	0.58	7	38	2648:01:00	0.45	46	253	396:01:00	-0.18	4	22	4595:01:00	0.79	2518	-0.29			2735		2216	45	-0.26			49		44	1762	12	10	15	0.44	12	8	15	12	8	15	1	0	1	0	0	0	-0.3	86	82	90	1.2							90	84	95				80	73	88	6917	21	16	26	-0.99	9	0.66	No	-0.77	81	6292	77	86	0.45	0	0.91	2540	4476	57	47	67	0.19	10509	12697	83	79	86	1.1	295	8869	3.3	-0.23	85304	17131	5	0.52	31	19	43	1.49			43		8	81	85	68	106	-0.48										68	48	93							119	86	160	28	15.2	-0.66	23	-0.84
28027	Mississippi	Coahoma		742	22826	20474	25179	3.22													25604	22826	28382										12094	8060	16128		5	4	6.1	0.77		18	16	20	4.53										19	18	21							11	7	14	5.8	4.7	7	0.27	33	31	37	2.89	38	0.33			28		48	72	-0.44	4.9	2.2	9	43	2312:01:00	0.3	114	568	176:01:00	-1.53	10	50	2020:01:00	-0.02	3228	0.37			4710		1590	36	0.84			35		38	2248	14	12	17	0.86	18	14	22	16	12	19	3	1	4	1	0	2	1.08	78	74	81	0.08							78	71	85				86	79	93	7287	25	20	31	-0.64	8.7	0.51	Yes	1.29	75	6383	72	79	1.37	1	0.78	2851	4930	58	48	68	0.1	10745	13108	82	79	85	1.25	359	7287	4.9	1.09	82353	13938	5.9	1.68	43	27	58	2.91			56	8	8	131	122	101	143	0.74										121	97	144							136	91	195	22	10.9	0.1	34	0.8
28029	Mississippi	Copiah		705	15985	14179	17791	1.43													18949	16263	21636										13573	10861	16285		4.4	3.5	5.4	-0.13		14	13	15	2.58	6	3	9							19	17	22							9	7	11	5.3	4.2	6.5	-0.62	24	22	27	0.98	47	-0.55			36		50	57	0.25	6.2	1.09	7	25	3999:01:00	0.8	19	69	1456:01:00	0.61	12	43	2310:01:00	0.16	2865	0.03			4654		2267	39	0.47			37		40	2698	13	11	15	0.52	13	10	16	9	7	11	2	1	4	2	1	3	-0.02	86	82	91	1.25							87	79	95				79	72	86	10483	48	40	56	1.13	9	0.66	No	-0.77	77	7613	74	80	1.15	1	0.8	3869	6223	62	53	71	-0.27	15913	18429	86	84	88	0.44	378	10661	3.5	-0.05	111267	19005	5.9	1.61	31	20	42	1.46			47	58	21	162	116	98	133	0.52										123	99	152							116	90	146	34	12.3	-0.14	32	0.55
28031	Mississippi	Covington		484	15927	13797	18056	1.42													19456	15615	23297										14299	11670	16928		4.5	3.7	5.5	0.1		12	11	14	1.81										17	15	20							9	7	10	5.6	4.5	6.8	-0.13	24	22	27	0.96	42	-0.06			34		44	22	1.78		1.16	8	44	2285:01:00	0.29	22	122	821:01:00	0.39	6	33	3016:01:00	0.46	4210	1.28			5316		4044	44	-0.13			46		44	1893	13	11	15	0.53	15	10	21	12	8	17	1	0	3	3	1	6	0.58	84	80	89	0.94							81	71	91				84	77	91	7607	42	32	52	0.68	9.5	0.91	No	-0.77	62	4424	36	89	3	1	0.67	2901	4456	65	51	79	-0.53	10360	12230	85	79	90	0.74	221	8118	2.7	-0.72	114955	16134	7.1	3	30	18	41	1.33			28		12	129	140	116	164	1.33										130	94	176							150	119	185	19	10.5	0.17	32	0.49
28033	Mississippi	DeSoto		3137	10785	10245	11325	0.08	7733	5886	9975										10959	9997	11920										11135	10416	11853		3.7	3	4.4	-1.18		10	9	10	0.73	7	5	8				12	8	16	14	13	15				7	3	10	8	7	8	5	4.2	5.9	-1.06	19	17	21	-0.21	49	-0.74		44	40	28	51	57	0.25	7.4	0.07	49	26	3850:01:00	0.78	277	143	698:01:00	0.29	74	39	2591:01:00	0.3	3403	0.53		1576	4017	3243	3219	37	0.71		39	42	9	36	17404	11	9	12	0.04	13	11	14	10	9	11	2	2	3	1	0	1	-0.08	82	80	83	0.61				76	63	90	79	75	82	75	68	83	76	74	79	93271	41	38	43	0.57	8.2	0.26	No	-0.77	92	63529	91	93	-1.11	1	0.53	34238	51137	67	63	71	-0.69	113909	124580	91	91	92	-0.5	2535	91444	2.8	-0.68	147127	36162	4.1	-0.62	12	9	16	-0.83		4	21	18	10	797	85	79	91	-0.49	58	38	84							65	55	74							101	93	109	138	7.2	0.75	18	-1.5
28035	Mississippi	Forrest		1584	13611	12683	14539	0.81													16982	15303	18661										11952	10787	13117		4.2	3.4	5.1	-0.4		14	13	14	2.42	8	6	10							19	17	20				9	4	15	10	9	11	5.4	4.5	6.4	-0.39	22	20	24	0.44	51	-0.93		30	41	39	52	76	-0.59	6.1	1.18	68	87	1145:01:00	-0.92	411	526	190:01:00	-1.35	34	44	2297:01:00	0.16	3529	0.65			5128		3180	47	-0.5		47	42		48	7273	12	10	14	0.31	15	13	17	13	11	15	2	1	3	1	0	1	0.55	82	80	84	0.66							81	76	86	87	75	98	82	80	84	35981	21	19	24	-0.96	9.7	1.01	No	-0.77	84	25114	82	87	-0.02	0	0.96	13991	20348	69	63	74	-0.84	43060	47403	91	89	92	-0.39	985	33036	3	-0.51	103614	19852	5.2	0.82	21	12	30	0.23			46	39	10	354	93	83	103	-0.23	92	46	164							81	66	95							105	91	118	106	13.6	-0.37	29	0.13
28037	Mississippi	Franklin		205	13144	10187	16101	0.69													17367	12228	23938										11149	7679	14619		4.5	3.5	5.4	-0.02		13	11	16	2.33										20	15	25							9	6	12	5.4	4.3	6.5	-0.39	25	22	28	1.09	27	1.39			21		28	70	-0.34	5.1	2.03	1	13	7676:01:00	1.13	2	26	3805:01:00	0.8	1	13	7642:01:00	1.05	2437	-0.36						33	1.2			37		32	812	14	12	16	0.72	10	6	15	9	4	13	2	0	4	0	0	1	-0.55	89	84	94	1.61																2621	53	41	65	1.57	7.5	-0.09	No	-0.77	82	2416	77	87	0.37	1	0.57	1070	1700	63	50	76	-0.34	4603	5303	87	83	91	0.35	114	2636	4.3	0.6	84683	17691	4.8	0.27	25	15	34	0.71			53		20	52	135	101	177	1.18										136	81	215							141	97	197	18	23.6	-2.12	26	-0.44
28039	Mississippi	George		585	13728	12149	15306	0.84													20455	13362	29972										13471	11807	15134		4.5	3.6	5.4	-0.01		8	7	9	-0.17										19	13	25							7	6	8	5.4	4.3	6.6	-0.43	22	20	25	0.5	27	1.39			22		27	36	1.16	6.2	1.09	11	44	2251:01:00	0.27	14	55	1830:01:00	0.67	8	32	3151:01:00	0.5	4038	1.12			3771		4024	37	0.71			24		37	2922	14	12	16	0.73	16	12	21	13	9	17	3	1	5	1	0	3	0.77	83	80	86	0.81																8385	48	39	57	1.16	9.1	0.71	No	-0.77	81	7402	75	86	0.59	2	0.43	3456	6300	55	45	65	0.36	14252	16217	88	85	91	0.15	340	8699	3.9	0.25	109013	21484	5.1	0.63	19	11	26	-0.04			70		18	152	123	104	143	0.79										158	89	261							124	103	145	25	9.9	0.27	19	-1.37
28041	Mississippi	Greene		267	9854	8195	11512	-0.17													7270	5064	10110										10913	8747	13078		4.3	3.5	5.2	-0.26		7	5	8	-0.83										15	9	20							5	4	7	5.2	4.2	6.3	-0.76	22	20	25	0.56	31	1			23		31	14	2.13	6.7	0.66	1	7	13630:1	1.29	8	59	1700:01:00	0.66	2	15	6776:01:00	1	3552	0.67			7215		3210	37	0.71			40		36	1024	12	10	14	0.27	11	6	16	7	2	12	4	0	7	1	0	2	-0.43	65	57	73	-1.62																3215	51	38	64	1.38		0.5	No	-0.77	71	2727	64	79	1.98	1	0.87	1792	4333	41	34	49	1.52	8168	10129	81	78	84	1.5	173	4200	4.1	0.43	111438	20951	5.3	0.94	25	16	34	0.74			57		21	50	74	55	97	-0.87										58	28	107							82	59	112	10	7.4	0.72	23	-0.86
28043	Mississippi	Grenada		569	16291	14287	18296	1.51													20424	17030	23819										12811	10452	15171		4.5	3.6	5.5	0.09		12	11	14	1.77										14	12	16							10	8	12	5.4	4.3	6.6	-0.37	28	25	30	1.65	37	0.42			29		39	70	-0.34	6.7	0.66	8	37	2671:01:00	0.46	13	62	1620:01:00	0.64	10	47	2109:01:00	0.04	3018	0.17			3419		2846	41	0.23			46		39	2312	14	12	16	0.75	16	11	20	14	9	18	1	0	2	1	0	2	0.61	88	84	93	1.49							86	78	94				91	86	96	8859	22	17	27	-0.86	8.4	0.36	No	-0.77	80	6789	75	84	0.74	1	0.51	3380	5229	65	54	76	-0.49	12327	14593	84	81	87	0.79	296	8340	3.5	-0.04	103220	23264	4.4	-0.16	29	19	40	1.26			38		19	123	117	97	138	0.58										118	88	154							122	95	155	26	12.3	-0.15	25	-0.57
28045	Mississippi	Hancock		1037	11583	10397	12769	0.29													17295	12314	22277										11392	10119	12666		3.9	3.1	4.7	-0.88		9	8	10	0.34	10	5	16							16	12	20							8	7	9	5.1	4.1	6.2	-0.96	22	20	24	0.46	42	-0.06		45	38	37	42	54	0.37	5.9	1.35	20	43	2303:01:00	0.3	22	48	2098:01:00	0.7	12	26	3841:01:00	0.67	3061	0.21			1043		2955	46	-0.38		46	45		47	4443	12	11	14	0.43	14	11	16	11	9	14	2	1	4	1	0	2	0.18	77	74	81	0.02							90	85	95				77	72	81	21020	52	46	59	1.49	8.4	0.36	Yes	1.29	85	16958	82	88	-0.12	3	-0.35	5785	10222	57	49	64	0.21	30342	33810	90	88	92	-0.19	615	18797	3.3	-0.27	130703	27758	4.7	0.18	20	13	28	0.16			41	31	18	258	110	96	123	0.33										88	51	141							117	102	132	33	7.2	0.75	25	-0.53
28047	Mississippi	Harrison		4330	11925	11402	12447	0.37	6378	4879	8193						6015	4058	8587		14593	13478	15707										11711	11049	12372		4.5	3.7	5.3	0.05		11	10	11	1.16	6	5	7				9	6	11	16	15	17				10	8	13	9	8	9	5.7	4.8	6.7	0.09	21	19	24	0.33	39	0.23		31	30	27	40	69	-0.29	5.7	1.52	117	56	1790:01:00	-0.05	558	265	377:01:00	-0.23	153	72	1379:01:00	-0.69	3870	0.96		2908	5324	519	3646	40	0.35		25	37	34	41	24109	14	13	16	0.79	16	15	18	14	13	15	2	2	3	1	1	1	0.77	80	79	82	0.42				65	57	74	82	80	85	78	72	83	83	82	85	91890	28	25	30	-0.46	9.6	0.96	No	-0.77	87	70745	86	89	-0.42	1	0.65	35293	55271	64	60	68	-0.42	125762	141046	89	88	90	-0.08	2560	86933	2.9	-0.54	116514	24516	4.8	0.23	20	15	26	0.15		26	42	39	11	1010	97	91	103	-0.1	56	39	79				74	47	113	87	76	98							108	100	116	185	8.8	0.47	27	-0.29
28049	Mississippi	Hinds		5111	16086	15465	16707	1.46	14283	9949	19864										17453	16705	18202										12129	10968	13290		3.9	3.2	4.8	-0.78		15	15	16	3.16	7	5	9				12	7	16	18	17	18							7	6	8	5.2	4.3	6.2	-0.67	27	25	30	1.57	46	-0.45		42	37	15	52	77	-0.65	6.4	0.92	199	89	1119:01:00	-0.97	938	437	229:01:00	-0.97	229	105	951:01:00	-1.65	3401	0.53		2526	4283		2665	48	-0.62		37	47		49	21861	13	12	14	0.54	18	16	19	15	14	17	3	2	3	1	1	1	1.12	77	75	78	-0.02				89	65	100	78	75	80	69	63	75	85	83	86	95204	28	26	30	-0.39	10.2	1.26	Yes	1.29	88	79227	87	90	-0.6	1	0.59	39221	57902	68	64	71	-0.75	129045	145887	88	87	89	0.05	3114	100930	3.1	-0.43	100348	20659	4.9	0.36	30	23	37	1.34	19	8	36	31	6	1447	127	121	134	0.91	144	94	211							127	119	134							131	117	144	303	13.9	-0.43	29	0.13
28051	Mississippi	Holmes		507	22286	19556	25016	3																													5	4	6	0.82		18	16	20	3										19	17	21							11	5	16	5.6	4.4	6.7	-0.16	34	31	37	3	34	0.71			24		44	40	1.01	4.2	2.8	9	55	1833:01:00	-0.01	7	44	2254:01:00	0.72	7	43	2303:01:00	0.16	1944	-0.82			2684		702	38	0.59			34		43	1649	14	11	16	0.71	22	18	26	20	15	24	2	0	3	1	0	3	2.06	88	83	93	1.43							81	70	92				87	75	98	5173	59	48	70	2	8.8	0.56	No	-0.77	66	3945	61	71	2.85	2	0.45	1981	3941	50	41	59	0.75	8770	10639	82	80	85	1.16	282	4923	5.7	1.75	72311	9488	7.6	3	46	30	61	3						127	151	125	178	1.71										159	129	189							133	77	213	15	9.3	0.38	52	3
28053	Mississippi	Humphreys		271	21431	17458	25404	2.86																													5.6	4.6	6.7	1.66		19	16	22	3										20	16	23							13	5	20	5.8	4.6	7	0.18	36	33	39	3	19	2.16			16		22	1	2.72	5.1	2.03	4	53	1888:01:00	0.03				0.26	2	27	3667:01:00	0.63	2289	-0.5			1946		1696	36	0.84			35		38	880	15	13	18	1.08	17	11	22	16	10	22	3	1	5	0	0	1	0.91	73	65	82	-0.49							65	51	80				84	77	91	2542	29	18	39	-0.36	8.8	0.56	No	-0.77	65	1959	59	71	2.92	1	0.67	863	1676	51	38	65	0.65	3840	4992	77	71	83	2.18	125	1883	6.6	2.5	81208	14392	5.6	1.35	47	29	66	3			44		14	44	113	82	151	0.43										113	78	159							128	61	236	9	12.3	-0.14	39	1.49
28055	Mississippi	Issaquena	x					1.14																													4.9	3.9	5.9	0.59	x	23	12	33	3																						5.3	4.2	6.5	-0.53	30	27	33	2.2	32	0.91			30		42	8	2.4	4.8	2.28	0	0	1280:00:00	1.49				0.26	0	0	1273:00:00	1.43		0.55						37	0.71						126	23	19	27	2.7	12	1	22	7	0	22	3	0	12	3	0	9	-0.23	76	60	93	-0.13																180	31	11	50	-0.21	8.3	0.31	Yes	1.29	48	181	43	54	3		0.61	128	373	34	14	54	2.13	642	954	67	50	85	3	22	293	7.5	3	64241	11948	5.4	1.01	63	38	88	3										0.48																						0	0	2.01	33	0.69
28057	Mississippi	Itawamba		516	10759	9305	12214	0.07																													4.1	3.3	5	-0.57		11	9	12	1.05										21	14	29							10	8	11	5.3	4.3	6.4	-0.58	22	19	24	0.42	51	-0.93			39		51	39	1.01	7.2	0.24	4	17	5960:01:00	1.03	8	33	3012:01:00	0.77	4	17	5976:01:00	0.94	2809	-0.02			3083		2766	44	-0.13			68		43	2477	13	11	15	0.63	8	5	10	6	4	9	1	0	1	1	0	3	-1.15	87	83	90	1.29																10834	41	33	48	0.56	8	0.16	No	-0.77	80	7363	76	83	0.69	1	0.62	3466	5745	60	50	70	-0.12	13796	16191	85	83	88	0.65	289	9816	2.9	-0.54	114386	26963	4.2	-0.41	17	11	23	-0.24						125	106	87	125	0.21																						24	10	0.25	21	-1.05
28059	Mississippi	Jackson		2889	11607	10971	12242	0.29	4090	2894	5614										15859	14237	17481										11406	10629	12183		4	3.3	4.8	-0.64		10	10	11	0.88	7	5	8				7	4	10	17	16	19				9	5	14	8	8	9	5.1	4.2	6.1	-0.86	19	17	22	-0.04	40	0.13		31	36	21	40	74	-0.54	6.2	1.09	66	46	2182:01:00	0.23	263	180	557:01:00	0.14	61	42	2377:01:00	0.2	3254	0.39			4934	3956	2987	40	0.35		15	48	18	39	14870	13	11	14	0.45	14	13	16	13	11	14	2	1	3	0	0	1	0.37	84	82	85	0.87							84	79	90	87	81	93	82	80	84	62864	35	32	38	0.15	8.7	0.51	No	-0.77	88	50072	87	89	-0.53	2	0.43	26126	37559	70	65	74	-0.91	88638	99860	89	88	90	-0.01	1904	58292	3.3	-0.28	121926	26406	4.6	0.06	18	12	23	-0.18		11	38	25	8	839	117	109	124	0.56	41	25	63							111	94	128							131	121	142	122	8.4	0.53	23	-0.85
28061	Mississippi	Jasper		451	16605	14223	18987	1.6													20574	17055	24094										11283	8296	14271		4.2	3.4	5.2	-0.36		14	12	16	2.67										18	15	21							9	7	11	5.1	4.1	6.3	-0.87	25	22	27	1.05	38	0.33			34		38	30	1.45	7.3	0.15	3	18	5430:01:00	0.99	3	19	5338:01:00	0.83	5	31	3233:01:00	0.52	4640	1.68			6168		3576	40	0.35			43		39	1445	12	10	14	0.29	10	6	14	6	2	9	2	0	5	2	0	4	-0.64	91	86	95	1.81							93	85	100				89	82	96	6142	52	42	62	1.45	9.1	0.71	Yes	1.29	60	3841	53	67	3	1	0.63	1932	3485	55	46	65	0.31	10035	11203	90	87	93	-0.16	218	5845	3.7	0.11	96157	17321	5.6	1.23	28	18	39	1.13			39		12	83	102	81	126	0.06										100	72	135							105	74	144	17	10.5	0.17	26	-0.39
28063	Mississippi	Jefferson		197	16287	12963	19611	1.51																													5	4	6	0.82		15	12	18	3																						5.4	4.2	6.6	-0.49	31	28	34	2.3	33	0.81			29		47	63	-0.01	6	1.26	2	28	3603:01:00	0.73	9	130	771:01:00	0.35				0.35	4835	1.86			5661		907	38	0.59			41		30	757	15	12	17	0.92	7	2	12	5	0	10	1	0	4	1	0	5	-1.27	89	78	100	1.62																2208	38	25	52	0.39	7.6	-0.04	No	-0.77	87	2069	79	96	-0.44	1	0.8	598	1493	40	23	57	1.63	3877	4801	81	74	87	1.47	213	1793	11.9	3	77852	16800	4.6	0.08	40	25	55	2.64						44	124	90	167	0.82																						0	0	2.01	33	0.58
28065	Mississippi	Jefferson Davis		327	17892	14959	20825	1.93													19903	15986	23820										15697	10895	20500		4.6	3.7	5.5	0.17		15	12	17	3										20	16	23							7	4	10	5.4	4.3	6.5	-0.46	26	23	29	1.34	41	0.04			38		43	24	1.69	6.5	0.83	3	27	3711:01:00	0.75	14	128	784:01:00	0.36	4	36	2772:01:00	0.37	4350	1.41			4790		3972	41	0.23			45		40	1111	14	12	16	0.71	18	13	24	14	9	19	2	1	4	3	0	5	1.23	85	79	91	1.02							79	62	96				88	76	100	4356	51	41	62	1.42	9.2	0.76	No	-0.77	75	3301	69	81	1.38	1	0.72	1424	2308	62	47	76	-0.23	6983	7974	88	84	91	0.21	154	3847	4	0.33	92069	19068	4.8	0.33	38	24	52	2.38			48		49	100	180	145	216	2.68										189	145	242							173	121	239	13	11.7	-0.05	31	0.29
28067	Mississippi	Jones		1516	13749	12713	14785	0.85													15939	13933	17945										13101	11798	14403		4.4	3.6	5.3	-0.11		12	11	13	1.57	8	6	10							17	16	19							9	8	10	5.2	4.2	6.2	-0.76	21	19	23	0.25	47	-0.55		44	44	21	47	54	0.38	6.4	0.92	33	49	2023:01:00	0.13	113	171	586:01:00	0.18	38	57	1752:01:00	-0.24	4817	1.84			5035		4715	37	0.71		27	41		37	6909	13	11	15	0.59	14	11	17	11	8	14	2	1	3	2	1	3	0.32	84	80	87	0.88							86	80	91				87	84	89	27769	29	24	33	-0.37	9.8	1.06	No	-0.77	72	17605	68	75	1.96	1	0.78	8933	16327	55	49	61	0.37	38096	43745	87	85	89	0.3	791	25002	3.2	-0.36	109799	20619	5.3	0.95	25	17	33	0.74	14		60	45	13	326	96	86	107	-0.11										84	67	104							109	95	122	89	13.4	-0.33	24	-0.66
28069	Mississippi	Kemper		200	10438	8073	12803	-0.01																													4.4	3.5	5.3	-0.15		14	11	17	2.75										16	13	20							9	4	13	5.3	4.2	6.4	-0.62	24	22	27	0.96	29	1.2			30		28	1	2.71	4.9	2.2	1	11	8829:01:00	1.18	1	12	8584:01:00	0.86	2	23	4327:01:00	0.75	3420	0.55			3129		3267	46	-0.38			47		45	741	13	11	15	0.55	20	11	28	12	5	19	6	3	10	2	0	4	1.53	82	74	91	0.68							78	66	90				89	78	99	3305	54	40	68	1.6	8.8	0.56	No	-0.77	72	2297	64	79	1.95	1	0.83	1238	1978	63	48	77	-0.31	4767	5991	80	76	83	1.69	143	3137	4.6	0.79	87335	15984	5.5	1.12	36	22	50	2.09			62		5	30	64	43	92	-1.19										67	40	105							70	35	125	11	12.7	-0.22	29	0.07
28071	Mississippi	Lafayette		723	8273	7358	9187	-0.58													11314	9323	13305										7215	6159	8272		3.7	3	4.5	-1.14		8	7	9	-0.05	7	4	10							14	12	16							6	5	7	5.2	4.2	6.1	-0.81	19	17	21	-0.11	54	-1.22		50	40		56	77	-0.66	6.3	1.01	40	70	1422:01:00	-0.45	413	706	142:01:00	-2.13	29	50	1987:01:00	-0.04	3788	0.89			7331		2953	49	-0.74		44	47		50	6099	14	12	16	0.76	18	15	21	17	14	20	1	0	3	1	0	1	1.17	81	79	84	0.58							82	76	88				83	79	87	25182	23	19	28	-0.78	8.4	0.36	No	-0.77	90	16677	88	92	-0.88	1	0.53	10647	14228	75	67	82	-1.37	30384	33054	92	90	94	-0.59	695	28025	2.5	-0.92	136327	23152	5.9	1.65	15	9	20	-0.53		18	24	14	12	188	68	58	77	-1.07										69	50	92							70	59	82	75	13	-0.27	16	-1.84
28073	Mississippi	Lamar		901	8657	7851	9462	-0.48													9731	7926	11536										8721	7759	9684		3.6	2.9	4.4	-1.35		10	9	11	0.72	6	3	9							16	14	18				14	7	22	8	7	9	4.8	3.9	5.8	-1.4	19	17	22	-0.06	46	-0.45			40		47	63	-0.05	6.6	0.75	81	124	807:01:00	-1.93	39	59	1698:01:00	0.66	72	109	914:01:00	-1.77	2927	0.09			5836		2771	45	-0.26			60		44	7190	13	11	15	0.57	12	10	15	11	8	14	2	1	3	1	0	1	-0.09	80	79	81	0.39							78	71	84				83	80	85	30030	31	27	34	-0.22	9	0.66	No	-0.77	89	22199	86	91	-0.65	1	0.61	12292	18554	66	60	72	-0.63	40036	43814	91	89	93	-0.49	774	31499	2.5	-0.94	138940	30411	4.6	0	15	10	20	-0.5			49	39	10	236	73	64	83	-0.88										38	25	56							88	76	100	66	10	0.25	24	-0.72
28075	Mississippi	Lauderdale		1686	14389	13360	15417	1.02													17603	15957	19248										11441	10124	12758		4.5	3.6	5.3	-0.02		14	13	15	2.58	8	4	11							17	16	19							11	9	12	5.5	4.5	6.6	-0.2	25	22	27	1.09	36	0.52		35	27		38	58	0.17	5.3	1.86	73	101	988:01:00	-1.3	254	360	278:01:00	-0.64	52	73	1364:01:00	-0.72	3804	0.9			5255		3311	49	-0.74		35	45		50	7157	13	11	15	0.59	17	14	20	15	12	18	2	1	2	1	0	2	0.91	80	78	83	0.43							77	72	81	72	55	90	87	84	91	29825	22	19	25	-0.89	9.2	0.76	No	-0.77	83	23668	81	85	0.22	2	0.22	11243	18044	62	56	68	-0.29	41882	49147	85	83	87	0.65	906	28114	3.2	-0.31	107829	17220	6.3	2.12	33	25	42	1.78			57	37	23	356	97	87	107	-0.09										92	77	107							104	89	118	120	16.9	-0.96	23	-0.77
28077	Mississippi	Lawrence		315	14242	11778	16705	0.98													15170	10956	19385										14550	11286	17814		4.7	3.8	5.7	0.36		13	11	15	2.06										18	15	22							10	7	12	5.6	4.5	6.8	0	27	25	30	1.63	37	0.42			38		36		0.68	6	1.26	2	17	5906:01:00	1.03	4	34	2935:01:00	0.76	2	17	5857:01:00	0.93	5768	2.72			5084		6055	36	0.84			46		34	1237	13	11	15	0.62	18	12	24	10	6	13	2	0	4	6	2	11	1.16	90	85	94	1.68																3980	51	41	60	1.35	8.8	0.56	No	-0.77	69	2962	62	75	2.42	1	0.57	1221	2533	48	38	59	0.93	6448	7854	82	78	87	1.23	178	4703	3.8	0.15	92018	16552	5.6	1.24	26	16	35	0.81			32	14	26	73	120	94	150	0.66										77	43	126							148	112	191	17	14.5	-0.54	24	-0.61
28079	Mississippi	Leake		487	14204	12410	15998	0.97					35442	24686	49291						15875	12999	18750										11558	9027	14090		4.4	3.6	5.4	-0.1		11	10	13	1.31	11	7	14	8	5	12				14	11	16							9	7	11	5.4	4.3	6.5	-0.42	27	25	30	1.63	36	0.52	29		28		37	34	1.24	6	1.26	5	24	4239:01:00	0.84	2	9	10629:1	0.87	6	28	3523:01:00	0.6	3200	0.34	17915		5062		2331	42	0.11			45		42	2571	16	13	18	1.14	11	8	14	7	4	10	3	2	5	1	0	2	-0.52	81	77	84	0.51							84	76	92				77	70	83	8253	43	36	50	0.75	9.2	0.76	No	-0.77	74	5445	69	79	1.62	2	0.45	2513	5021	50	42	58	0.77	11699	14228	82	79	85	1.2	246	7807	3.2	-0.37	94121	22147	4.2	-0.4	30	19	40	1.31	56		37	39	12	127	115	95	135	0.5				244	137	402				72	50	101							138	107	174	33	15.6	-0.73	25	-0.44
28081	Mississippi	Lee		1696	12357	11502	13212	0.49													15481	13799	17163										10873	9876	11870		3.8	3	4.6	-1.06		13	12	14	2.24	9	6	12				16	8	24	19	18	21							9	8	10	5.1	4.2	6.1	-0.95	22	19	24	0.44	53	-1.13		47	47	27	54	54	0.36	7.3	0.15	98	118	846:01:00	-1.77	710	857	117:01:00	-2.78	62	75	1338:01:00	-0.76	2723	-0.1		6056	2799		2682	48	-0.62		38	48		48	8957	13	11	15	0.55	14	12	16	11	9	13	4	2	5	1	0	2	0.34	87	84	90	1.32							88	84	92	85	72	97	90	87	92	37972	21	18	23	-1.01	8.6	0.46	No	-0.77	83	26376	81	85	0.23	1	0.62	14626	21700	67	62	73	-0.72	48577	55320	88	86	90	0.17	1086	39014	2.8	-0.67	125824	25523	4.9	0.45	18	13	24	-0.09		71	37	30	6	415	98	89	108	-0.05										85	69	101							110	97	122	110	13.3	-0.32	18	-1.46
28083	Mississippi	Leflore		856	21369	19355	23383	2.84													24058	21619	26497										14382	10521	18244		5	4	6.1	0.82		15	14	17	3.25	10	5	15							17	15	18							9	6	12	5.5	4.4	6.7	-0.24	35	31	38	3.12	43	-0.16		59	37		48	58	0.19	4.8	2.28	22	80	1253:01:00	-0.71	142	538	186:01:00	-1.41	13	49	2044:01:00	0	2720	-0.1			4353		1745	44	-0.13			49		41	2596	12	10	14	0.42	19	15	23	17	13	21	2	1	3	2	1	3	1.43	82	78	86	0.7							85	82	89				84	77	91	9903	15	10	19	-1.48	8.8	0.56	No	-0.77	60	5946	56	64	3.78	1	0.78	4187	6942	60	52	69	-0.11	14219	17170	83	80	86	1.09	421	8629	4.9	1.05	87774	12538	7	3.04	39	24	54	2.46			52	35	6	222	160	139	181	1.99										165	140	189							165	122	218	33	12.4	-0.17	36	1.03
28085	Mississippi	Lincoln		807	13025	11642	14409	0.66													17194	14330	20058										11474	9888	13060		4.3	3.4	5.2	-0.27		12	10	13	1.47										18	15	20							9	7	10	5.5	4.5	6.6	-0.19	23	21	26	0.77	46	-0.45			37		48	48	0.65	6.6	0.75	14	40	2496:01:00	0.39	51	147	680:01:00	0.28	15	43	2314:01:00	0.17	3118	0.27			5200		2730	40	0.35			37		40	3896	14	12	16	0.75	16	12	19	11	8	15	4	2	7	1	0	2	0.63	86	82	91	1.23							94	78	100				86	81	92	13875	29	24	34	-0.34	8.6	0.46	No	-0.77	83	10752	79	86	0.28	1	0.57	5240	8613	61	52	69	-0.16	20889	23996	87	84	90	0.31	452	14388	3.1	-0.38	109320	17167	6.4	2.25	24	16	32	0.64			30		27	187	109	93	124	0.3										119	91	153							109	90	128	58	16.7	-0.92	23	-0.77
28087	Mississippi	Lowndes		1232	13170	12084	14255	0.7													16014	14248	17780										11117	9709	12525		4.1	3.4	5	-0.51		14	13	15	2.45	11	5	17							19	17	20							8	7	10	5	4.1	6	-1.11	21	19	24	0.35	40	0.13		27	34	50	43	47	0.67	6.3	1.01	28	48	2077:01:00	0.17	169	295	339:01:00	-0.36	33	57	1746:01:00	-0.25	2195	-0.59		5796	2607		1888	43	-0.01		29	47		41	5114	11	10	13	0.17	15	12	17	14	12	16	2	1	2	0	0	1	0.45	87	84	89	1.31							90	84	95				89	85	92	24430	18	15	20	-1.25	9.1	0.71	No	-0.77	85	19429	82	88	-0.11	1	0.56	9274	14922	62	56	68	-0.27	34083	38700	88	86	90	0.12	794	24276	3.3	-0.27	112149	18831	6	1.74	27	18	36	0.96	2		44	28	6	299	103	91	114	0.09										87	71	103							122	104	140	80	13.9	-0.43	22	-0.96
28089	Mississippi	Madison		1553	8220	7598	8842	-0.59	10937	7078	16145										11887	10700	13074										5748	5058	6437		3.2	2.5	3.9	-1.98		11	10	12	1.24	7	5	9				9	6	12	17	16	18							7	6	8	4.2	3.3	5.2	-2.42	16	15	19	-0.67	54	-1.22		56	35	50	57	84	-0.95	8.2	-0.61	142	129	773:01:00	-2.07	292	260	385:01:00	-0.21	86	77	1292:01:00	-0.84	2182	-0.6			3388		1871	52	-1.1		31	48		53	8899	10	8	11	-0.16	12	10	14	10	9	12	2	1	2	1	0	2	-0.21	81	79	83	0.53							79	76	83	68	64	72	83	80	86	53494	29	26	31	-0.37	10.2	1.26	No	-0.77	92	39727	91	93	-1.2	2	0.31	21996	29006	76	70	81	-1.45	68291	74085	92	91	93	-0.64	1351	53001	2.5	-0.87	164210	34166	4.8	0.3	13	8	18	-0.74			24	51	6	364	67	61	74	-1.08	59	28	108							79	67	91							63	54	72	137	12.3	-0.15	18	-1.51
28091	Mississippi	Marion		692	17140	15150	19129	1.74													19032	15321	22743										16585	14151	19018		4.7	3.8	5.7	0.35		13	11	14	1.97										20	16	23							9	8	11	5.7	4.6	6.8	0.06	26	24	29	1.4	35	0.62			39		34	40	0.97	6.4	0.92	9	37	2709:01:00	0.48	21	87	1154:01:00	0.54	5	21	4810:01:00	0.82	4117	1.19			6180		3696	40	0.35			45		40	2682	14	12	16	0.83	18	15	22	16	12	20	1	1	2	1	0	3	1.25	83	78	89	0.85							82	78	86				83	78	88	9231	38	30	46	0.38	9.1	0.71	No	-0.77	80	7354	76	84	0.68	1	0.72	2949	5982	49	41	57	0.84	13845	16773	83	79	86	1.14	314	9959	3.2	-0.37	95006	21067	4.5	-0.07	27	17	37	0.97			35		25	159	130	110	150	1.01										115	83	154							142	116	168	44	18.3	-1.2	26	-0.4
28093	Mississippi	Marshall		939	16967	15304	18629	1.69													19080	16422	21739										15928	13620	18236		4.3	3.5	5.3	-0.18		11	10	13	1.42	10	5	14							15	13	17							9	7	10	5.4	4.3	6.5	-0.47	26	24	29	1.38	41	0.04			34	20	44	36	1.18	6.6	0.75	5	15	6745:01:00	1.08	12	35	2844:01:00	0.76	5	15	6822:01:00	1	3864	0.96			5169		3329	32	1.32			36		31	3526	14	12	16	0.75	15	12	18	12	9	15	3	1	5	0	0	0	0.47	86	83	89	1.24							83	78	88				85	78	93	13440	51	43	59	1.4	8	0.16	No	-0.77	79	10095	75	82	0.84	1	0.71	4190	8049	52	44	61	0.6	19246	23588	82	79	84	1.32	498	13867	3.6	-0.01	111606	21567	5.2	0.76	31	21	40	1.42			48	53	20	225	129	112	146	0.99										133	108	159							137	111	162	27	7.9	0.62	30	0.15
28095	Mississippi	Monroe		841	13062	11681	14443	0.67													17082	14255	19908										11502	9899	13105		4.4	3.6	5.3	-0.06		15	14	16	3										21	18	24							12	10	13	5.6	4.6	6.7	-0.02	24	22	27	1	41	0.04			32		43	40	0.98	7.4	0.07	17	50	1993:01:00	0.11	9	27	3734:01:00	0.79	16	48	2099:01:00	0.04	3042	0.2			4144		2832	43	-0.01			49		42	3588	14	12	16	0.69	9	7	11	7	6	9	2	0	3	1	0	1	-0.8	86	82	89	1.13							82	76	87				84	79	88	13858	31	26	35	-0.22	8.7	0.51	No	-0.77	84	11546	82	87	-0.01	0	0.91	3879	8020	48	42	55	0.92	20211	23694	85	83	88	0.63	556	14548	3.8	0.18	106914	21305	5	0.56	24	16	31	0.57			22		17	191	110	95	126	0.34										99	74	130							117	98	137	43	12.8	-0.24	24	-0.65
28097	Mississippi	Montgomery		312	17472	14334	20609	1.82													20841	15959	25722										15272	10948	19596		5	4	6	0.81		13	11	16	2.33										17	14	21							9	6	12	5.6	4.5	6.9	-0.03	30	27	33	2.16	20	2.07			21		20	53	0.4	6.1	1.18	5	51	1946:01:00	0.08	3	31	3200:01:00	0.78	3	31	3177:01:00	0.51	4570	1.61			5201		4237	44	-0.13			52		42	1137	16	14	18	1.17	21	15	27	17	11	22	4	1	7	2	0	4	1.88	81	72	90	0.49							73	53	92				76	68	84	3762	37	27	47	0.27	8.4	0.36	No	-0.77	73	2778	67	79	1.68	2	0.45	1207	2167	56	42	69	0.28	5461	6709	81	77	86	1.35	132	3738	3.5	-0.06	96888	14168	6.8	2.84	33	21	45	1.75			56		13	56	115	87	149	0.5										83	49	132							145	102	200	13	13.6	-0.38	26	-0.31
28099	Mississippi	Neshoba		875	20815	18896	22734	2.69					56416	49038	63795						20604	16423	24785										12095	10181	14008		5.1	4.2	6.1	1.03		9	8	10	0.29				7	5	9				15	12	17							8	6	9	5.6	4.5	6.8	-0.05	28	25	30	1.67	22	1.87	48		18		20	44	0.83	6.4	0.92	16	55	1812:01:00	-0.03	40	139	720:01:00	0.31	17	59	1687:01:00	-0.31	4141	1.21	12243		3958		3311	42	0.11			41		44	3422	15	13	18	1.04	15	12	18	9	6	12	6	4	8	1	0	2	0.39	78	74	82	0.07	71	56	87				76	66	86				85	78	91	11256	33	27	40	-0.01	9.5	0.91	No	-0.77	78	8057	74	82	0.92	2	0.03	3544	6610	54	46	61	0.46	15118	18385	82	79	86	1.2	343	9727	3.5	-0.06	101650	18627	5.5	1.11	28	19	38	1.13	35		65		22	167	115	98	133	0.51				179	130	241				101	69	143							110	89	135	31	10.8	0.11	25	-0.57
28101	Mississippi	Newton		492	15917	13916	17917	1.42					46784	33268	63956						19006	15252	22761										12017	9685	14349		4.4	3.6	5.4	-0.1		12	11	14	1.72				5	2	8				19	16	22							9	7	11	5.3	4.3	6.5	-0.59	26	24	29	1.4	29	1.2	44		24		29	63	-0.03	6.1	1.18	3	14	7019:01:00	1.1	6	29	3503:01:00	0.79	5	24	4206:01:00	0.73	3627	0.74	2357		4149		3465	48	-0.62			40		50	2139	13	11	15	0.6	10	8	13	7	5	10	3	1	4	1	0	2	-0.57	84	80	89	0.96							77	68	86				87	82	92	8168	46	38	54	1	9.3	0.81	No	-0.77	69	5337	64	75	2.3	1	0.83	2871	4718	61	52	70	-0.16	11719	13639	86	83	89	0.52	275	7654	3.6	-0.01	104279	24366	4.3	-0.36	24	15	33	0.64			45		17	132	125	104	147	0.85				253	138	424				125	90	170							118	93	148	32	15.2	-0.66	25	-0.58
28103	Mississippi	Noxubee		236	13965	11306	16625	0.91																													4.6	3.8	5.6	0.25		13	11	15	2.01										16	14	19							4	2	6	5.3	4.3	6.5	-0.56	29	26	32	1.93	37	0.42			33		40	49	0.59	6.7	0.66	1	10	10123:1	1.22	22	222	451:01:00	-0.05	4	40	2498:01:00	0.26	4003	1.09			5560		1738	37	0.71			38		38	1229	16	13	18	1.16	16	10	22	12	6	18	3	0	6	2	0	4	0.82	87	81	93	1.31							89	79	100				89	78	99	3658	41	29	54	0.63	8.8	0.56	No	-0.77	69	2599	61	76	2.4	0	0.97	960	2219	43	32	54	1.36	5393	6747	80	75	85	1.63	155	3303	4.7	0.9	74613	12232	6.1	1.92	37	22	52	2.23						55	107	81	140	0.25										111	80	151							100	53	170	11	11	0.08	33	0.57
28105	Mississippi	Oktibbeha		683	9967	8878	11056	-0.14													13978	12031	15926										7105	5828	8382		4.1	3.4	4.8	-0.59		12	11	13	1.75							9	5	13	19	17	21							6	5	7	5.2	4.3	6.2	-0.68	23	21	25	0.69	50	-0.84		56	38		54	80	-0.78	5.4	1.77	21	41	2469:01:00	0.38	129	252	397:01:00	-0.17	21	41	2449:01:00	0.23	1572	-1.16			2090		1503	42	0.11		29	42		42	5094	13	11	15	0.58	21	18	25	21	17	25	2	1	3	0	0	1	1.96	82	79	84	0.59							84	79	89				81	78	84	21212	24	20	28	-0.75	8.8	0.56	No	-0.77	84	17825	81	86	0.1	1	0.51	8851	11804	75	67	83	-1.38	23969	26340	91	89	93	-0.42	716	21607	3.3	-0.24	109623	13012	8.4	4.83	25	17	34	0.79			37	7	10	152	60	51	70	-1.32										63	48	81							62	50	76	52	10.1	0.24	24	-0.6
28107	Mississippi	Panola		819	14531	13042	16021	1.05													16836	14622	19050										12479	10400	14559		4.8	3.9	5.8	0.54		13	12	14	2.24										16	14	18							10	8	11	5.3	4.2	6.4	-0.59	28	25	30	1.67	49	-0.74			40		51	34	1.26	6.4	0.92	7	21	4693:01:00	0.91	37	113	883:01:00	0.42	15	46	2177:01:00	0.09	4020	1.1			7021		3363	33	1.2			35		33	3718	14	12	16	0.83	11	9	14	10	6	13	2	1	4	1	0	2	-0.32	88	85	92	1.52							85	79	91				89	83	96	11781	45	38	52	0.91	8.3	0.31	No	-0.77	75	9313	71	79	1.4	1	0.53	4230	7952	53	45	61	0.5	18376	21956	84	80	87	0.93	468	12026	3.9	0.24	93621	17254	5.4	1.07	36	27	45	2.09			38	78	15	206	123	106	140	0.77										100	79	123							157	129	185	36	11	0.08	26	-0.35
28109	Mississippi	Pearl River		1448	14930	13728	16132	1.16													18308	14505	22112										15038	13694	16382		4.2	3.4	5.2	-0.33		10	9	11	0.62										16	13	19							9	8	10	5.3	4.2	6.4	-0.61	21	19	23	0.27	39	0.23			37	44	39	64	-0.08	6.7	0.66	14	25	4036:01:00	0.81	36	62	1611:01:00	0.64	13	23	4405:01:00	0.77	2773	-0.05			4691		2620	44	-0.13			50		44	6850	15	13	17	1.02	12	9	15	9	7	11	2	1	3	1	0	2	-0.2	77	75	80	0.05							85	75	95				77	73	80	22939	49	44	55	1.27	9	0.66	No	-0.77	83	17867	80	86	0.19	1	0.7	7867	13216	60	53	66	-0.05	34210	38957	88	86	90	0.17	718	23674	3	-0.47	111461	21280	5.2	0.84	23	16	31	0.54			27	24	17	392	140	126	154	1.33										147	109	194							144	129	160	48	8.4	0.54	22	-0.94
28111	Mississippi	Perry		321	15413	12767	18060	1.28													23000	15732	32469										13760	10981	16540		4.6	3.7	5.5	0.2		8	6	10	-0.19										19	13	25							6	4	7	5.8	4.6	6.9	0.19	27	24	29	1.51	40	0.13			40		40	37	1.14	5.5	1.69	1	9	11571:1	1.26	10	88	1132:01:00	0.53	1	9	11368:1	1.17	2850	0.02			1226		2650	36	0.84			35		36	1204	13	11	15	0.59	8	5	12	4	2	6	4	1	7	0	0	1	-1.05	79	70	88	0.22																4084	45	35	55	0.93	9.2	0.76	No	-0.77	75	3407	69	80	1.45	1	0.87	1293	2699	48	36	60	0.96	6974	7859	89	84	93	0	159	4198	3.8	0.15	92125	21844	4.2	-0.44	28	18	38	1.15			41	91	12	59	101	77	130	0.02										171	103	267							84	59	115	11	9.7	0.31	34	0.73
28113	Mississippi	Pike		1057	15463	14051	16876	1.3													17827	15817	19837										13371	11282	15460		4.8	4	5.8	0.54		14	12	15	2.39										16	14	17							9	7	11	5.5	4.5	6.6	-0.21	29	26	32	1.91	38	0.33		23	30		41	57	0.22	6.1	1.18	15	38	2665:01:00	0.46	187	475	211:01:00	-1.13	22	55	1802:01:00	-0.19	3976	1.06			6628		2979	39	0.47			34		41	4491	15	12	17	0.88	16	13	19	15	11	18	2	1	4	1	0	2	0.76	81	78	84	0.52							80	76	84				84	78	89	14791	30	25	35	-0.26	8.4	0.36	No	-0.77	76	11504	71	80	1.35	1	0.6	5020	9192	55	47	62	0.38	21377	25767	83	80	86	1.07	546	13794	4	0.29	82363	13732	6	1.79	34	23	45	1.86			51	56	19	232	117	102	133	0.59										123	102	144							115	93	140	59	14.9	-0.6	29	0.05
28115	Mississippi	Pontotoc		646	11381	10098	12664	0.23													11616	8472	15542										11647	10153	13141		4.4	3.5	5.4	-0.15		10	9	11	0.67	7	4	10							18	14	21							9	8	10	5.5	4.5	6.7	-0.19	21	19	24	0.35	33	0.81			29	20	34	55	0.31	6.7	0.66	6	19	5241:01:00	0.97	13	41	2426:01:00	0.73	3	10	10463:1	1.15	2608	-0.21			552		2655	46	-0.38			59		46	3953	15	13	17	0.99	9	7	12	5	3	7	4	2	6	1	0	2	-0.83	86	83	88	1.18							93	88	98				88	83	93	13638	38	32	44	0.37	8.6	0.46	No	-0.77	73	8582	68	79	1.67	1	0.79	4841	8090	60	52	67	-0.07	16228	20578	79	76	82	1.82	383	14184	2.7	-0.74	108277	26160	4.1	-0.54	19	12	26	-0.04			28	32	15	163	102	87	118	0.08										88	54	134							114	95	133	29	9.2	0.39	23	-0.73
28117	Mississippi	Prentiss		583	13055	11482	14628	0.67													20335	15187	26667										11949	10322	13577		4.4	3.5	5.3	-0.17		12	10	13	1.57										17	13	22							11	10	12	5.5	4.4	6.6	-0.31	23	20	25	0.61	51	-0.93			50		51	56	0.27	7.1	0.32	8	32	3125:01:00	0.61	38	151	661:01:00	0.26	10	40	2479:01:00	0.25	3130	0.28			5796		2902	43	-0.01			50		43	2486	13	11	15	0.55	8	5	11	6	3	9	2	0	3	0	0	1	-1.15	88	84	92	1.47																10551	36	29	42	0.17	7.8	0.06	No	-0.77	79	7367	75	82	0.87	1	0.76	3721	6119	61	52	69	-0.16	13941	16624	84	81	87	0.9	301	10855	2.8	-0.68	104033	22014	4.7	0.2	24	16	31	0.57			21	13	11	128	102	84	120	0.08										82	46	136							109	89	129	25	10.1	0.24	24	-0.62
28119	Mississippi	Quitman		213	18894	14997	22791	2.19																													5	4.1	6	0.85		17	13	20	3										18	14	22							11	5	17	5.6	4.4	6.8	-0.14	32	29	35	2.58	31	1			23		36	36	1.16	0.4	3				0.44	2	36	2773:01:00	0.75	1	18	5701:01:00	0.92	2990	0.15			1416		2695	25	2.17			26		25	668	15	13	18	1.03	17	12	22	14	9	19	3	1	5	1	0	2	0.94	80	74	86	0.42							82	65	100				82	70	94	2051	48	38	58	1.18	8.6	0.46	No	-0.77	67	1769	61	73	2.7	1	0.68	789	1421	56	44	67	0.3	3125	4068	77	72	81	2.2	106	2226	4.8	0.96	73177	13005	5.6	1.33	46	29	62	3			49		50	38	118	83	162	0.6										100	63	150							187	105	309	8	14	-0.45	35	0.88
28121	Mississippi	Rankin		2420	8369	7865	8872	-0.55													8834	7797	9871										8422	7818	9026		3.5	2.8	4.2	-1.52		10	10	11	0.9	9	7	11				10	6	13	16	14	17							9	8	9	5	4.1	6	-1.07	19	17	21	-0.11	48	-0.64		49	43	31	48	74	-0.53	7.5	-0.02	89	56	1776:01:00	-0.06	404	252	397:01:00	-0.17	105	66	1514:01:00	-0.5	2957	0.12			4115		2837	46	-0.38		28	42	31	47	13924	11	10	12	0.1	10	8	12	8	6	10	1	1	2	1	0	1	-0.69	82	81	84	0.69				64	49	79	80	77	83	68	59	78	81	78	83	76025	38	35	41	0.37	10.1	1.21	Yes	1.29	91	54537	90	93	-1.09	2	0.21	31326	44256	71	66	75	-1.02	99429	110063	90	89	91	-0.3	1769	76142	2.3	-1.05	140563	35237	4	-0.72	11	7	15	-0.95	14	1	25	20	9	580	74	68	80	-0.85										56	45	68							83	76	91	170	10.7	0.13	21	-1.1
28123	Mississippi	Scott		633	14974	13287	16662	1.17	11879	7893	17168										17110	14198	20023										14368	11877	16859		4.8	3.9	5.7	0.48		13	12	14	2.18	8	6	10							19	17	21							11	9	13	5.4	4.3	6.4	-0.48	28	26	31	1.8	35	0.62			26	10	37	71	-0.37	5.6	1.6	5	18	5520:01:00	0.99	15	55	1834:01:00	0.67	12	43	2309:01:00	0.16	3582	0.7			4613		3231	37	0.71			34		38	3472	15	13	18	1.05	12	9	16	10	7	14	3	1	4	0	0	0	-0.08	82	79	84	0.62							79	73	85				84	82	87	10968	40	32	48	0.56	9.4	0.86	No	-0.77	75	7206	70	79	1.5	2	0.21	3244	6526	50	41	58	0.8	13820	17571	79	75	82	1.86	318	12358	2.6	-0.85	92680	19707	4.7	0.17	28	19	37	1.13			39	39	17	160	114	97	132	0.49	72	37	126							105	79	137							136	110	167	35	12.6	-0.21	25	-0.48
28125	Mississippi	Sharkey		135	21606	15891	27321	2.9																													5	4.1	6.1	0.86		15	12	19	3																						5.5	4.4	6.8	-0.17	35	32	38	3	43	-0.16			31		48	1	2.71	6.5	0.83	1	27	3663:01:00	0.74	1	30	3336:01:00	0.78	0	0	3488:00:00	1.43	2776	-0.05			3020		1740	37	0.71			38		37	358	14	11	16	0.69	11	5	17	6	1	11	3	0	6	2	0	6	-0.42	80	77	83	0.36							77	64	89				88	79	97	1483	34	23	45	0.08	8.5	0.41	Yes	1.29	57	791	51	62	3	2	0.04	239	896	27	17	36	2.79	1977	2441	81	76	86	1.43	73	1181	6.2	2.13	95833	15865	6	1.84	52	32	71	3			43		24	29	145	97	208	1.5																						8	22.9	-2.01	33	0.62
28127	Mississippi	Simpson		676	15238	13481	16996	1.24													17986	14746	21225										13887	11770	16004		4.4	3.5	5.3	-0.14		12	11	13	1.69										16	14	19							9	8	11	5.4	4.4	6.6	-0.36	24	21	27	0.9	33	0.81			30		33	33	1.28	7	0.41	8	31	3219:01:00	0.64	32	124	804:01:00	0.37	9	35	2843:01:00	0.4	5239	2.23			5776		5195	37	0.71			41		37	2857	14	12	16	0.81	11	8	15	8	5	11	1	0	3	2	1	4	-0.38	79	73	84	0.19							86	78	94				83	76	90	10149	42	35	49	0.67	9.2	0.76	No	-0.77	77	7379	73	81	1.11	2	0.21	3405	5961	57	49	66	0.16	14365	17574	82	79	85	1.29	315	10487	3	-0.49	107023	25958	4.1	-0.56	28	19	37	1.08			40	20	15	141	107	90	125	0.25										107	79	141							110	89	136	34	13.3	-0.32	29	0.07
28129	Mississippi	Smith		325	13495	11237	15753	0.78													15480	11059	21079										13083	10434	15731		4.5	3.6	5.6	0.07		11	9	13	1.17										15	11	18							9	7	11	5.7	4.5	7	0	25	22	28	1.15	38	0.33			32		39	45	0.78	6.9	0.49	1	7	14191:1	1.3	2	14	7050:01:00	0.85	6	43	2349:01:00	0.18	3784	0.88			3607		3724	37	0.71			38		37	1519	14	12	16	0.73	9	6	12	6	3	9	2	0	3	2	0	4	-0.85	83	77	89	0.75																5025	44	35	53	0.84	9.1	0.71	Yes	1.29	58	3127	53	63	3	2	0.21	1539	3122	49	40	58	0.84	8029	9756	82	78	86	1.19	183	6467	2.8	-0.64	102176	19312	5.3	0.91	24	15	32	0.55			54		11	96	126	102	154	0.88										135	86	201							129	101	162	17	12.1	-0.11	23	-0.84
28131	Mississippi	Stone		410	13553	11586	15519	0.8													15864	11111	21963										13530	11279	15781		4.5	3.6	5.4	0.04		11	10	13	1.43										23	18	28							9	7	11	5.5	4.4	6.7	-0.23	23	20	25	0.67	35	0.62			30		35	78	-0.69	5.6	1.6	6	32	3107:01:00	0.61	8	43	2345:01:00	0.73	4	21	4667:01:00	0.8	3549	0.67			5863		3398	34	1.08			44		34	2173	15	13	18	1.04	15	10	21	11	6	15	6	2	11	1	0	2	0.58	88	82	93	1.4																6977	59	46	71	1.98	8.9	0.61	No	-0.77	79	5222	74	84	0.83	1	0.87	2305	4169	55	44	67	0.32	10717	12183	88	85	91	0.14	234	6858	3.4	-0.16	113104	22331	5.1	0.62	22	14	31	0.38			54	48	21	93	100	81	123	0.02										69	35	120							110	87	137	10	5.4	1.07	27	-0.19
28133	Mississippi	Sunflower		760	18895	16942	20848	2.19													20216	17882	22549										16110	12147	20074		4.6	3.7	5.5	0.14		15	13	17	3.08										16	15	18							9	6	12	5.1	4.1	6.2	-0.88	30	27	33	2.11	21	1.97			19		24	39	1.05	4.6	2.46	9	35	2822:01:00	0.52	9	37	2719:01:00	0.75	10	40	2481:01:00	0.25	3636	0.75			3746		3436	39	0.47			40		38	2193	13	11	15	0.62	16	14	19	14	11	16	3	2	5	1	0	2	0.83	81	77	86	0.56							81	76	86				84	79	88	8627	23	18	28	-0.81	9	0.66	No	-0.77	70	5672	66	74	2.14	0	0.92	3561	7424	48	41	55	0.95	13125	17323	76	73	78	2.4	339	7360	4.6	0.83	89010	13702	6.5	2.41	40	26	53	2.54			49		22	166	132	112	152	1.07										128	105	151							148	107	199	26	10.5	0.17	28	-0.12
28135	Mississippi	Tallahatchie		310	13696	11432	15961	0.84													16217	12933	19501										12672	8938	16406		4.6	3.8	5.5	0.27		14	12	17	2.79										18	15	21							7	4	10	5.2	4.3	6.3	-0.68	29	26	32	1.93	30	1.1			16		38	34	1.27	4.1	2.88	1	8	12366:1	1.27	6	51	1973:01:00	0.69	3	25	4012:01:00	0.7	3619	0.73			3200		3662	33	1.2			26		36	1138	14	12	16	0.78	12	8	17	10	5	14	3	0	5	0	0	1	-0.15	80	74	87	0.41							71	58	83				82	69	96	4607	44	32	55	0.83	8.6	0.46	Yes	1.29	67	2886	61	73	2.69	0	0.98	1838	3483	53	41	64	0.54	7014	8650	81	77	85	1.41	158	4779	3.3	-0.24	78033	18952	4.1	-0.56	40	26	54	2.63			54		27	75	114	90	143	0.47										120	87	161							131	88	186	21	17.4	-1.05	29	0.09
28137	Mississippi	Tate		645	14233	12528	15937	0.98													18750	15132	22368										12453	10537	14369		4.2	3.4	5.2	-0.34		10	8	11	0.54										15	13	18							7	6	8	5.1	4.1	6.3	-0.87	23	20	26	0.65	50	-0.84			39		52	42	0.89	6.3	1.01	7	25	4033:01:00	0.81	13	46	2174:01:00	0.71	11	39	2572:01:00	0.29	3879	0.97			3453		3833	31	1.44			35		31	2977	13	11	16	0.64	14	11	18	10	7	13	4	2	6	1	0	3	0.37	91	88	94	1.83							93	62	100				84	80	89	11797	62	54	69	2.23	8.6	0.46	No	-0.77	84	8970	80	87	0.1	1	0.53	4048	6532	62	51	73	-0.26	15467	18308	84	81	88	0.78	386	11796	3.3	-0.27	116138	25803	4.5	-0.08	20	12	27	0.1			46		14	179	126	107	144	0.87										106	78	142							139	115	163	38	13.4	-0.35	25	-0.58
28139	Mississippi	Tippah		511	13004	11317	14691	0.66													13833	9952	17714										13095	11152	15037		4.6	3.7	5.6	0.23		10	9	12	0.91										19	14	23							9	7	10	5.5	4.4	6.7	-0.27	24	22	27	0.9	46	-0.45			42		46	45	0.77	6.9	0.49	2	9	10818:1	1.24	28	132	760:01:00	0.34	4	19	5358:01:00	0.88	3193	0.34			276		3328	36	0.84			36		36	2896	17	14	19	1.39	14	9	19	10	6	14	3	0	6	1	0	1	0.16	84	79	88	0.9							83	77	89				86	82	90	9287	32	26	38	-0.11	7.7	0.01	No	-0.77	80	6348	76	84	0.61	1	0.76	2815	4929	57	48	66	0.16	11679	14282	82	79	84	1.29	269	9735	2.8	-0.69	97132	23508	4.1	-0.54	26	20	33	0.91			12	82	26	93	85	69	105	-0.48										84	47	139							90	71	112	38	17.7	-1.1	23	-0.8
28141	Mississippi	Tishomingo		546	14574	12600	16548	1.07																													4.6	3.6	5.6	0.18		11	9	12	1.04																						5.6	4.5	6.8	-0.08	21	19	24	0.33	43	-0.16			41		43	51	0.5		1.16	5	27	3750:01:00	0.76	21	113	881:01:00	0.42	1	5	18619:1	1.27	3245	0.38						40	0.35			13		41	2422	17	14	19	1.33	17	13	21	14	10	17	2	0	3	2	0	4	0.98	90	86	94	1.71																7648	34	28	40	0.07	6.9	-0.39	No	-0.77	74	6404	71	78	1.56	1	0.76	2579	4323	60	49	70	-0.06	11150	13387	83	80	86	1	259	8062	3.2	-0.32	101183	15378	6.6	2.52	18	11	25	-0.11				75	21	133	139	116	163	1.32																						13	7	0.78	26	-0.37
28143	Mississippi	Tunica		270	21013	17694	24332	2.75																													5	4.1	6.1	0.87		15	13	17	3										16	14	18							12	6	17	5.7	4.6	7	0.12	34	31	37	2.91	35	0.62			21		42	71	-0.37	6.4	0.92	1	10	9696:01:00	1.21	3	32	3078:01:00	0.77				0.35	4022	1.1			4698		2643	25	2.17			21		28	934	12	10	14	0.36	33	25	40	24	17	32	8	2	14	1	0	2	3	83	75	91	0.76							82	73	92				82	52	100	3661	48	36	60	1.17	8.5	0.41	No	-0.77	84	3011	77	90	0.11	1	0.53	1018	2648	38	27	50	1.77	4920	6009	82	77	86	1.27	140	4036	3.5	-0.11	77455	12994	6	1.74	42	26	57	2.78			61		23	64	133	102	170	1.11										135	100	178							135	70	236	3	3.2	1.45	39	1.43
28145	Mississippi	Union		552	11353	9908	12798	0.23													15302	11283	20289										10863	9284	12443		4.3	3.4	5.2	-0.25		10	9	11	0.64										18	14	21							9	7	10	5.1	4	6.1	-0.93	21	19	23	0.31	47	-0.55			33	36	48	38	1.1	7.1	0.32	10	36	2795:01:00	0.51	12	42	2357:01:00	0.73	13	46	2163:01:00	0.08	2694	-0.13			1336		2743	43	-0.01			48		42	3111	13	11	15	0.63	11	8	14	9	5	12	3	1	4	0	0	0	-0.44	92	90	94	1.97							92	85	98				90	86	93	11763	33	28	38	-0.03	8.3	0.31	No	-0.77	78	7759	73	82	1.03	3	-0.02	3568	6951	51	44	58	0.66	14575	18550	79	74	83	1.88	326	14432	2.3	-1.11	105839	26685	4	-0.75	20	13	26	0.06			27	56	12	142	100	83	116	0										83	49	131							107	88	126	41	14.6	-0.55	22	-0.97
28147	Mississippi	Walthall		365	16710	14194	19225	1.62													23009	18504	27514										12612	9600	15623		4.4	3.5	5.3	-0.16		11	9	13	1.26										16	13	19							7	5	9	5.3	4.2	6.4	-0.63	25	23	28	1.15	29	1.2			25		31		0.68	6	1.26	7	51	1977:01:00	0.1	1	7	13863:1	0.88	3	22	4587:01:00	0.79	3333	0.47			3694		3306	40	0.35			49		37	1756	16	14	19	1.31	20	13	26	15	9	21	5	1	9	0	0	1	1.52	81	74	87	0.46																4928	48	36	61	1.19	8.4	0.36	No	-0.77	78	4229	74	83	0.92	1	0.6	1726	3084	56	42	70	0.26	7504	9376	80	75	85	1.61	197	4817	4.1	0.4	107428	14894	7.2	3	31	19	43	1.47			19	63	6	86	122	97	150	0.73										116	81	162							134	100	177	19	13.8	-0.41	25	-0.5
28149	Mississippi	Warren		1069	14893	13553	16233	1.15													16490	14539	18441										14092	12129	16054		3.8	3	4.8	-0.94		14	13	15	2.44										16	15	18							10	9	12	5.2	4.1	6.4	-0.72	22	20	25	0.59	47	-0.55		40	39		49	46	0.72	6.8	0.58	29	67	1503:01:00	-0.34	263	622	161:01:00	-1.77	27	63	1580:01:00	-0.42	3040	0.19			4583		2344	41	0.23		39	40		42	3946	12	10	14	0.28	15	12	18	13	11	16	1	1	2	1	0	2	0.47	88	85	90	1.43							88	87	90				86	83	88	18539	24	20	29	-0.7	8.7	0.51	No	-0.77	81	13558	78	83	0.57	1	0.71	6636	10568	63	54	71	-0.33	26158	29707	88	86	90	0.12	647	18859	3.4	-0.14	125416	22863	5.5	1.15	32	23	42	1.62			49		9	224	101	87	114	0.03										82	66	101							127	106	149	60	14.1	-0.46	21	-1.04
28151	Mississippi	Washington		1322	20282	18657	21906	2.56													22422	20455	24388										14259	11361	17157		4.7	3.8	5.6	0.33		14	13	15	2.8										16	14	17							9	7	11	5.4	4.5	6.6	-0.36	27	24	30	1.53	40	0.13		33	32		46	73	-0.49	4.8	2.28	18	41	2427:01:00	0.36	77	184	545:01:00	0.12	18	42	2362:01:00	0.19	3191	0.33			3883		2569	44	-0.13			44		45	4648	14	12	16	0.79	21	18	24	19	16	22	3	2	3	1	1	2	1.85	86	83	88	1.12							86	81	90				87	83	91	16154	18	14	21	-1.24	8.9	0.61	Yes	1.29	55	9522	52	58	4.45	1	0.74	5002	10305	49	42	55	0.9	22878	28883	79	77	82	1.76	702	14198	4.9	1.11	83167	15041	5.5	1.2	47	35	59	3.44			52	73	5	312	143	127	159	1.44										142	123	160							157	125	195	67	15.8	-0.75	31	0.31
28153	Mississippi	Wayne		464	15308	13275	17341	1.26													20791	17170	24412										11767	9352	14183		4.7	3.7	5.6	0.31		14	12	15	2.42										18	16	21							9	7	11	5.6	4.5	6.7	-0.12	25	22	28	1.09	41	0.04			34		42	41	0.93	6.5	0.83	6	30	3285:01:00	0.65	13	66	1516:01:00	0.63	3	15	6560:01:00	0.98	5196	2.19			4591		5175	38	0.59			40		37	2564	16	14	19	1.27	10	6	14	8	4	11	2	0	3	2	0	3	-0.67	84	79	89	0.95							86	76	96				84	79	89	7427	43	35	51	0.77	8.7	0.51	No	-0.77	80	5965	75	85	0.65	2	0.46	2370	4272	55	45	66	0.3	10690	12731	84	80	88	0.88	251	6897	3.6	0.03	99716	16833	5.9	1.7	31	19	43	1.44			39	43	25	109	109	88	129	0.3										131	98	171							98	74	127	24	12.2	-0.13	27	-0.22
28155	Mississippi	Webster		265	16006	13111	18901	1.44													22617	15470	31928										15001	11773	18229		4.2	3.3	5.1	-0.44		13	10	15	1.99										23	17	29							10	8	12	5.1	4.1	6.3	-0.89	22	20	25	0.5	30	1.1			24		31	8	2.4	7	0.41	4	40	2496:01:00	0.39	11	110	908:01:00	0.44	3	30	3331:01:00	0.55	3511	0.63						40	0.35			46		40	1154	14	12	16	0.83	9	6	12	9	5	12	1	0	2	0	0	1	-0.85	88	84	92	1.45																4150	55	45	66	1.72	8.4	0.36	No	-0.77	81	3304	75	86	0.58	0	0.91	1403	2343	60	48	71	-0.08	5714	6783	84	81	88	0.83	116	3795	3.1	-0.45	103565	23504	4.4	-0.2	23	14	31	0.44			42		14	56	114	86	148	0.47																						13	13	-0.27	22	-0.89
28157	Mississippi	Wilkinson		238	18459	14877	22041	2.08																													4.8	3.9	5.8	0.45		14	11	17	2.54										15	11	18							12	7	18	5.3	4.2	6.5	-0.6	29	27	32	2.05	19	2.16			11		25	10	2.3	6.5	0.83	3	36	2772:01:00	0.5	3	37	2686:01:00	0.75	2	25	4072:01:00	0.71	3572	0.69			6562		696	46	-0.38			52		40	701	13	11	15	0.52	11	6	16	11	5	17	0	0	2	0	0	1	-0.42	81	75	86	0.46																2360	67	44	90	2.64	7.3	-0.19	No	-0.77	73	2510	66	80	1.73	0	0.94	1093	2377	46	31	61	1.12	5310	6068	88	84	91	0.22	139	2522	5.5	1.57	75781	14483	5.2	0.83	37	22	51	2.17						66	156	121	199	1.88										159	117	211							153	91	243	9	11.1	0.07	34	0.79
28159	Mississippi	Winston		395	13717	11661	15773	0.84													16418	13094	19742										11067	8413	13721		4.6	3.8	5.6	0.2		13	12	15	2.37										19	16	21							8	6	10	5.3	4.3	6.4	-0.6	27	24	30	1.53	27	1.39			26		26	57	0.25	5.8	1.43	5	28	3519:01:00	0.71	35	201	498:01:00	0.04	5	29	3509:01:00	0.6	2986	0.14			3908		2792	45	-0.26			46		45	1817	14	12	16	0.75	14	10	17	12	8	15	2	0	3	1	0	2	0.21	84	79	89	0.97							78	58	98				84	77	92	6520	35	27	42	0.12	8.9	0.61	No	-0.77	76	5379	71	81	1.27	2	0.45	2027	3992	51	42	60	0.71	10146	12132	84	80	87	0.94	240	7054	3.4	-0.16	97156	17710	5.5	1.15	42	32	52	2.85			69		30	91	102	82	125	0.08										87	61	120							116	86	152	31	17.7	-1.09	25	-0.57
28161	Mississippi	Yalobusha		344	16349	13651	19048	1.53													13347	9636	17057										19544	15466	23622		4.5	3.6	5.5	0.1		13	11	15	1.94										15	12	18							11	9	14	5.6	4.5	6.8	-0.1	26	23	29	1.34	31	1			20		34	40	0.98	6.5	0.83	1	8	12415:1	1.27	4	32	3097:01:00	0.77	2	16	6182:01:00	0.96	6427	3			9326		5691	38	0.59			40		38	1103	12	10	14	0.3	12	8	15	8	5	12	2	0	3	2	0	4	-0.27	87	84	89	1.26							84	49	100				86	79	93	4810	45	35	55	0.91	8.3	0.31	No	-0.77	76	3832	70	82	1.27	0	0.94	1254	3011	42	32	51	1.5	7551	8972	84	81	88	0.84	167	4771	3.5	-0.08	91464	18406	5	0.5	28	18	39	1.16			65		14	89	145	117	179	1.51										85	52	131							192	149	243	16	12.9	-0.26	24	-0.62
28163	Mississippi	Yazoo		622	14590	12934	16246	1.07													17577	15207	19946										13481	10686	16275		4.9	3.9	5.9	0.63		15	14	17	3.16										17	15	19							11	8	13	5.3	4.1	6.4	-0.66	30	27	34	2.26	37	0.42			28		41	65	-0.14	4.6	2.46	6	23	4396:01:00	0.87	55	213	469:01:00	-0.01	7	27	3707:01:00	0.64	2788	-0.04			3432		2468	34	1.08			33		35	2265	13	11	15	0.56	15	11	18	12	9	16	3	1	5	1	0	2	0.4	82	77	86	0.64							76	65	86				82	77	87	8451	47	37	56	1.04	9	0.66	No	-0.77	74	6540	69	78	1.65	1	0.49	3166	8876	36	29	42	2.01	13970	18706	75	71	78	2.6	298	8713	3.4	-0.15	90146	15468	5.8	1.58	34	21	48	1.88			58		12	163	119	101	137	0.63										112	90	138							160	126	201	18	6.9	0.79	37	1.17
